state,district,updates,enrolments,migration_score
Andaman & Nicobar Islands,South Andaman,2273.0,137.0,16.471014492753625
Andaman And Nicobar Islands,North And Middle Andaman,2011.0,132.0,15.1203007518797
Andaman And Nicobar Islands,South Andaman,2171.0,166.0,13.0
Andhra Pradesh,Alluri Sitharama Raju,1429.0,144.0,9.855172413793104
Andhra Pradesh,Anantapur,112753.0,7392.0,15.251318815095361
Andhra Pradesh,Ananthapur,5570.0,341.0,16.28654970760234
Andhra Pradesh,Ananthapuramu,46345.0,2159.0,21.45601851851852
Andhra Pradesh,Annamayya,18436.0,554.0,33.21801801801802
Andhra Pradesh,Chittoor,203696.0,9154.0,22.24969961769525
Andhra Pradesh,Cuddapah,121817.0,7269.0,16.75612104539202
Andhra Pradesh,Dr. B. R. Ambedkar Konaseema,2641.0,112.0,23.371681415929203
Andhra Pradesh,East Godavari,181412.0,8887.0,20.41089108910891
Andhra Pradesh,Guntur,210558.0,10857.0,19.3919690550746
Andhra Pradesh,Hyderabad,21176.0,4486.0,4.7194116336082015
Andhra Pradesh,Kakinada,10315.0,393.0,26.18020304568528
Andhra Pradesh,Karimnagar,13316.0,718.0,18.520166898470098
Andhra Pradesh,Khammam,9288.0,381.0,24.31413612565445
Andhra Pradesh,Krishna,153269.0,7848.0,19.527200917314307
Andhra Pradesh,Kurnool,205030.0,12675.0,16.174660776270116
Andhra Pradesh,Mahabubnagar,4375.0,615.0,7.1022727272727275
Andhra Pradesh,Nellore,92366.0,9664.0,9.556751163993791
Andhra Pradesh,Parvathipuram Manyam,4868.0,350.0,13.868945868945868
Andhra Pradesh,Prakasam,128015.0,8006.0,15.987885600099913
Andhra Pradesh,Sri Sathya Sai,12146.0,642.0,18.889580093312595
Andhra Pradesh,Srikakulam,139687.0,4455.0,31.348070017953322
Andhra Pradesh,Visakhapatnam,180427.0,9792.0,18.42407842336363
Andhra Pradesh,Vizianagaram,75840.0,3758.0,20.175578611332803
Andhra Pradesh,West Godavari,144083.0,6490.0,22.19735017716839
Andhra Pradesh,Yanam,2645.0,213.0,12.35981308411215
Arunachal Pradesh,Changlang,4375.0,490.0,8.910386965376782
Arunachal Pradesh,East Kameng,1570.0,192.0,8.134715025906736
Arunachal Pradesh,East Siang,3045.0,194.0,15.615384615384615
Arunachal Pradesh,Lohit,2044.0,167.0,12.166666666666666
Arunachal Pradesh,Longding,1396.0,888.0,1.5703037120359955
Arunachal Pradesh,Lower Dibang Valley,1164.0,110.0,10.486486486486486
Arunachal Pradesh,Lower Subansiri,1544.0,107.0,14.296296296296296
Arunachal Pradesh,Namsai,3241.0,462.0,7.0
Arunachal Pradesh,Papum Pare,4898.0,445.0,10.98206278026906
Arunachal Pradesh,Tirap,1079.0,108.0,9.899082568807339
Arunachal Pradesh,Upper Siang,1320.0,43.0,30.0
Arunachal Pradesh,Upper Subansiri,1549.0,143.0,10.756944444444445
Arunachal Pradesh,West Kameng,1798.0,271.0,6.610294117647059
Arunachal Pradesh,West Siang,3354.0,265.0,12.609022556390977
Assam,Baksa,19605.0,5008.0,3.913954881213815
Assam,Barpeta,56974.0,12034.0,4.7340257582052345
Assam,Biswanath,14599.0,1861.0,7.840494092373792
Assam,Bongaigaon,37141.0,2555.0,14.530907668231611
Assam,Cachar,58425.0,17060.0,3.424476877088096
Assam,Charaideo,11185.0,1336.0,8.365744203440538
Assam,Chirang,15300.0,3904.0,3.9180537772087067
Assam,Darrang,30364.0,8428.0,3.602325305492941
Assam,Dhemaji,21991.0,6834.0,3.2174103877103146
Assam,Dhubri,90738.0,13606.0,6.668479459101933
Assam,Dibrugarh,26320.0,7008.0,3.7551719218148096
Assam,Goalpara,37667.0,10197.0,3.6935673661502255
Assam,Golaghat,27864.0,11402.0,2.4435674822415154
Assam,Hailakandi,21621.0,5664.0,3.8165931156222417
Assam,Hojai,31402.0,8134.0,3.8601106330669945
Assam,Jorhat,20155.0,4931.0,4.086577453365774
Assam,Kamrup,44745.0,13518.0,3.3097862267919225
Assam,Kamrup Metro,26919.0,6263.0,4.297413793103448
Assam,Karbi Anglong,26083.0,8341.0,3.1267082234476145
Assam,Karimganj,45790.0,14836.0,3.0862034103929368
Assam,Kokrajhar,18931.0,4204.0,4.5020214030915575
Assam,Lakhimpur,35759.0,7266.0,4.920737580844915
Assam,Majuli,3202.0,525.0,6.08745247148289
Assam,Marigaon,41430.0,10403.0,3.9821222606689735
Assam,Nagaon,99180.0,12765.0,7.769074103086323
Assam,Nalbari,21701.0,3967.0,5.469002016129032
Assam,North Cachar Hills,3865.0,1308.0,2.9526355996944234
Assam,Sibsagar,11744.0,3111.0,3.7737789203084833
Assam,Sonitpur,39967.0,7824.0,5.107603833865815
Assam,South Salmara Mankachar,17300.0,1295.0,13.348765432098766
Assam,Tinsukia,35285.0,8388.0,4.206103230420789
Assam,Udalguri,17770.0,4573.0,3.885002186270223
Bihar,Araria,161002.0,15566.0,10.342519432132073
Bihar,Arwal,30943.0,3644.0,8.489163237311386
Bihar,Aurangabad,107231.0,10235.0,10.475869480265729
Bihar,Banka,96414.0,10092.0,9.552561181016546
Bihar,Begusarai,132148.0,12363.0,10.688126819799418
Bihar,Bhagalpur,160617.0,21976.0,7.3084133412203665
Bihar,Bhojpur,139571.0,13277.0,10.511447507154692
Bihar,Buxar,77694.0,7434.0,10.4497646267653
Bihar,Darbhanga,159823.0,16542.0,9.66106510306474
Bihar,East Champaran,248962.0,44321.0,5.6171201660574885
Bihar,Gaya,195568.0,28283.0,6.914439258944986
Bihar,Gopalganj,110167.0,15660.0,7.034480556797139
Bihar,Jamui,69194.0,10614.0,6.518511540273198
Bihar,Jehanabad,42583.0,4475.0,9.513628239499553
Bihar,Kaimur (Bhabua),68388.0,7903.0,8.652327935222672
Bihar,Katihar,183030.0,16606.0,11.02125609682664
Bihar,Khagaria,74862.0,8905.0,8.405793846844825
Bihar,Kishanganj,152756.0,9323.0,16.383097383097383
Bihar,Lakhisarai,44440.0,5762.0,7.711261495748742
Bihar,Madhepura,88765.0,8830.0,10.051523043822897
Bihar,Madhubani,184365.0,26304.0,7.008743584869797
Bihar,Munger,57952.0,6811.0,8.50733998825602
Bihar,Muzaffarpur,207029.0,28950.0,7.151013781907361
Bihar,Nalanda,154000.0,13286.0,11.590276209829156
Bihar,Nawada,86405.0,16460.0,5.249073567826985
Bihar,Patna,239142.0,24362.0,9.815786233222509
Bihar,Purnia,127189.0,19203.0,6.623047281816288
Bihar,Rohtas,116500.0,7890.0,14.763654796603726
Bihar,Saharsa,81562.0,13028.0,6.260035305856167
Bihar,Samastipur,193489.0,18251.0,10.60097523559062
Bihar,Saran,170542.0,24292.0,7.020211583583748
Bihar,Sheikhpura,33096.0,3658.0,9.045094288056847
Bihar,Sheohar,22780.0,2487.0,9.155948553054662
Bihar,Sitamarhi,179542.0,43106.0,4.165031201429002
Bihar,Siwan,118346.0,14670.0,8.0666621225547
Bihar,Supaul,108402.0,10327.0,10.49593338497289
Bihar,Vaishali,155344.0,17892.0,8.681830883585759
Bihar,West Champaran,234509.0,46797.0,5.011090217530664
Chandigarh,Chandigarh,82538.0,2681.0,30.774794929157345
Chhattisgarh,Balod,62807.0,1690.0,37.141927853341215
Chhattisgarh,Baloda Bazar,121639.0,5170.0,23.523303036163217
Chhattisgarh,Balrampur,66330.0,5868.0,11.301754983813256
Chhattisgarh,Bastar,80325.0,6797.0,11.815975286849072
Chhattisgarh,Bemetara,55027.0,2594.0,21.205009633911367
Chhattisgarh,Bijapur,12806.0,6652.0,1.9248459341650384
Chhattisgarh,Bilaspur,155944.0,9498.0,16.416885987998736
Chhattisgarh,Dakshin Bastar Dantewada,6917.0,1551.0,4.456829896907217
Chhattisgarh,Dantewada,1671.0,444.0,3.755056179775281
Chhattisgarh,Dhamtari,41465.0,1744.0,23.7621776504298
Chhattisgarh,Durg,76097.0,4181.0,18.196317551410807
Chhattisgarh,Gariyaband,31727.0,1806.0,17.557830658550085
Chhattisgarh,Janjgir-Champa,110873.0,4960.0,22.348921588389437
Chhattisgarh,Jashpur,76863.0,2729.0,28.154945054945056
Chhattisgarh,Kabeerdham,8227.0,344.0,23.846376811594205
Chhattisgarh,Kanker,33770.0,2118.0,15.936762623879188
Chhattisgarh,Kawardha,83922.0,2639.0,31.788636363636364
Chhattisgarh,Khairagarh Chhuikhadan Gandai,10094.0,174.0,57.68
Chhattisgarh,Kondagaon,63323.0,3152.0,20.083412622898827
Chhattisgarh,Korba,91209.0,4455.0,20.468806104129264
Chhattisgarh,Koriya,30917.0,1787.0,17.2913870246085
Chhattisgarh,Mahasamund,134385.0,3289.0,40.846504559270514
Chhattisgarh,Manendragarh–Chirmiri–Bharatpur,6748.0,335.0,20.083333333333332
Chhattisgarh,Mungeli,59746.0,2439.0,24.486065573770492
Chhattisgarh,Narayanpur,16916.0,797.0,21.19799498746867
Chhattisgarh,Raigarh,82445.0,4867.0,16.936113393590798
Chhattisgarh,Raipur,128741.0,6831.0,18.84382318501171
Chhattisgarh,Rajnandgaon,156404.0,4518.0,34.61031201593273
Chhattisgarh,Sakti,15573.0,390.0,39.828644501278774
Chhattisgarh,Sukma,11791.0,2008.0,5.869089099054256
Chhattisgarh,Surajpur,39134.0,3716.0,10.52838310465429
Chhattisgarh,Surguja,111579.0,3067.0,36.36864406779661
Chhattisgarh,Uttar Bastar Kanker,7993.0,381.0,20.92408376963351
Dadra And Nagar Haveli,Dadra And Nagar Haveli,8108.0,1735.0,4.670506912442396
Dadra And Nagar Haveli And Daman And Diu,Daman,3084.0,117.0,26.135593220338983
Daman And Diu,Diu,1079.0,96.0,11.123711340206185
Delhi,Central Delhi,49243.0,3789.0,12.99287598944591
Delhi,East Delhi,192803.0,10521.0,18.323797757080403
Delhi,New Delhi,4499.0,390.0,11.506393861892583
Delhi,North Delhi,86900.0,3494.0,24.86409155937053
Delhi,North East Delhi,175769.0,15772.0,11.14366322196158
Delhi,North West Delhi,313916.0,17526.0,17.910423917384605
Delhi,South Delhi,215039.0,13369.0,16.083694839192223
Delhi,South West Delhi,171823.0,10453.0,16.436101013965946
Delhi,West Delhi,228861.0,19203.0,11.917360966465319
Goa,North Goa,19007.0,1364.0,13.924542124542125
Goa,South Goa,16113.0,969.0,16.611340206185567
Gujarat,Ahmedabad,276246.0,25516.0,10.825959164478583
Gujarat,Amreli,28164.0,4353.0,6.46853468075333
Gujarat,Anand,39967.0,6820.0,5.859404779357866
Gujarat,Arvalli,13282.0,2406.0,5.518072289156627
Gujarat,Banaskantha,75727.0,30864.0,2.45349100923376
Gujarat,Bharuch,50862.0,4462.0,11.396370154604526
Gujarat,Bhavnagar,52039.0,10000.0,5.203379662033797
Gujarat,Botad,14330.0,2846.0,5.0333684580259925
Gujarat,Chhotaudepur,18897.0,4448.0,4.247471341874578
Gujarat,Dahod,43126.0,23776.0,1.8137696092862852
Gujarat,Devbhumi Dwarka,11105.0,2719.0,4.082720588235294
Gujarat,Gandhinagar,63009.0,5976.0,10.541910657520495
Gujarat,Gir Somnath,19957.0,5322.0,3.7492015780574866
Gujarat,Jamnagar,40948.0,5532.0,7.400686788360745
Gujarat,Junagadh,30235.0,5918.0,5.108126372698091
Gujarat,Kachchh,66789.0,9302.0,7.17929700096743
Gujarat,Kheda,51531.0,7744.0,6.653453841187863
Gujarat,Mahesana,50141.0,6480.0,7.736614719950625
Gujarat,Mahisagar,11782.0,2157.0,5.459684893419833
Gujarat,Morbi,29172.0,9133.0,3.193781475804686
Gujarat,Narmada,14509.0,1304.0,11.118007662835248
Gujarat,Navsari,29325.0,2737.0,10.710372534696859
Gujarat,Panchmahals,26959.0,7816.0,3.448765511065626
Gujarat,Patan,29412.0,8937.0,3.2906690534795255
Gujarat,Porbandar,14322.0,2590.0,5.5275955229641065
Gujarat,Rajkot,130634.0,15004.0,8.70603132289237
Gujarat,Sabarkantha,39334.0,7537.0,5.21809498540727
Gujarat,Surat,357446.0,25447.0,14.046133291417792
Gujarat,Surendra Nagar,37652.0,9703.0,3.8800494641384997
Gujarat,Tapi,11911.0,2137.0,5.5710944808231995
Gujarat,The Dangs,6893.0,2251.0,3.060834813499112
Gujarat,Vadodara,90034.0,11844.0,7.601013085690164
Gujarat,Valsad,48400.0,7304.0,6.625598904859685
Haryana,Ambala,33398.0,3220.0,10.368829556038497
Haryana,Bhiwani,37759.0,3620.0,10.427782380557858
Haryana,Charkhi Dadri,8620.0,729.0,11.808219178082192
Haryana,Faridabad,161472.0,16231.0,9.947757516017743
Haryana,Fatehabad,41125.0,2485.0,16.542638777152053
Haryana,Gurgaon,110214.0,8704.0,12.660999425617462
Haryana,Hisar,64044.0,5358.0,11.950737077813026
Haryana,Jhajjar,32020.0,2534.0,12.631163708086785
Haryana,Jind,44013.0,3821.0,11.515698587127158
Haryana,Kaithal,39991.0,2991.0,13.365975935828876
Haryana,Karnal,49131.0,4048.0,12.134107186959744
Haryana,Kurukshetra,28692.0,2404.0,11.93014553014553
Haryana,Mahendragarh,28536.0,2755.0,10.354136429608127
Haryana,Mewat,76246.0,9923.0,7.682990729544539
Haryana,Palwal,68051.0,4627.0,14.70419187554019
Haryana,Panchkula,34361.0,1385.0,24.79148629148629
Haryana,Panipat,69084.0,6088.0,11.345705370339957
Haryana,Rewari,43449.0,2418.0,17.961554361306327
Haryana,Rohtak,26895.0,3504.0,7.673323823109843
Haryana,Sirsa,55165.0,3336.0,16.53131555289182
Haryana,Sonipat,60664.0,4619.0,13.13073593073593
Haryana,Yamuna Nagar,53210.0,3452.0,15.409788589632203
Himachal Pradesh,Bilaspur,6759.0,999.0,6.759
Himachal Pradesh,Chamba,19658.0,1657.0,11.856453558504223
Himachal Pradesh,Hamirpur,7339.0,1204.0,6.090456431535269
Himachal Pradesh,Kangra,34234.0,3978.0,8.603669263634078
Himachal Pradesh,Kinnaur,1102.0,156.0,7.019108280254777
Himachal Pradesh,Kullu,9720.0,1221.0,7.954173486088379
Himachal Pradesh,Mandi,15839.0,2489.0,6.3610441767068275
Himachal Pradesh,Shimla,16212.0,1778.0,9.112984822934232
Himachal Pradesh,Sirmaur,19277.0,1528.0,12.60758665794637
Himachal Pradesh,Solan,8946.0,1160.0,7.705426356589148
Himachal Pradesh,Una,9571.0,1246.0,7.6752205292702484
Jammu And Kashmir,Anantnag,34262.0,3275.0,10.458485958485959
Jammu And Kashmir,Badgam,30125.0,2624.0,11.476190476190476
Jammu And Kashmir,Bandipore,16208.0,1666.0,9.722855428914217
Jammu And Kashmir,Baramula,36579.0,3803.0,9.615930599369085
Jammu And Kashmir,Doda,10471.0,4340.0,2.4121170237272516
Jammu And Kashmir,Ganderbal,7615.0,874.0,8.702857142857143
Jammu And Kashmir,Jammu,36584.0,4720.0,7.749205676763397
Jammu And Kashmir,Kargil,2376.0,462.0,5.1317494600431965
Jammu And Kashmir,Kathua,19490.0,2739.0,7.113138686131387
Jammu And Kashmir,Kishtwar,6024.0,1155.0,5.211072664359862
Jammu And Kashmir,Kulgam,13732.0,1301.0,10.546850998463901
Jammu And Kashmir,Kupwara,44846.0,2834.0,15.818694885361552
Jammu And Kashmir,Leh,2980.0,251.0,11.825396825396826
Jammu And Kashmir,Pulwama,21326.0,1904.0,11.19475065616798
Jammu And Kashmir,Punch,23446.0,2629.0,8.914828897338403
Jammu And Kashmir,Rajouri,15658.0,2659.0,5.886466165413534
Jammu And Kashmir,Ramban,8742.0,2290.0,3.815800960279354
Jammu And Kashmir,Reasi,9290.0,1855.0,5.005387931034483
Jammu And Kashmir,Samba,4012.0,520.0,7.700575815738963
Jammu And Kashmir,Shupiyan,9047.0,1119.0,8.07767857142857
Jammu And Kashmir,Srinagar,39732.0,3265.0,12.165339865278629
Jammu And Kashmir,Udhampur,16515.0,2785.0,5.927853553481694
Jharkhand,Bokaro,69905.0,5705.0,12.251139151770067
Jharkhand,Chatra,48242.0,6379.0,7.561442006269592
Jharkhand,Deoghar,61429.0,8169.0,7.5188494492044065
Jharkhand,Dhanbad,108332.0,11078.0,9.778138821193249
Jharkhand,Dumka,55221.0,5662.0,9.751191947730884
Jharkhand,East Singhbhum,53306.0,8147.0,6.542218949435444
Jharkhand,Garhwa,43716.0,6462.0,6.764041466811078
Jharkhand,Giridih,123897.0,14050.0,8.817664223186961
Jharkhand,Godda,60500.0,5590.0,10.820962260776248
Jharkhand,Gumla,43391.0,5964.0,7.274266554903605
Jharkhand,Hazaribagh,73761.0,6456.0,11.423416447266533
Jharkhand,Jamtara,35558.0,4744.0,7.493782929399368
Jharkhand,Khunti,21295.0,3003.0,7.088881491344874
Jharkhand,Koderma,30634.0,4046.0,7.56955769705955
Jharkhand,Latehar,34372.0,2416.0,14.220935043442283
Jharkhand,Lohardaga,16853.0,2944.0,5.72258064516129
Jharkhand,Pakur,50047.0,7406.0,6.7567166194140675
Jharkhand,Palamu,120398.0,9054.0,13.29630038652678
Jharkhand,Pashchimi Singhbhum,15296.0,2114.0,7.232151300236406
Jharkhand,Ramgarh,35685.0,3005.0,11.87125748502994
Jharkhand,Ranchi,108522.0,14693.0,7.385463454471212
Jharkhand,Sahebganj,55738.0,5095.0,10.937598116169545
Jharkhand,Sahibganj,9447.0,1230.0,7.674248578391552
Jharkhand,Seraikela-Kharsawan,46070.0,6592.0,6.98771424237828
Jharkhand,Simdega,27083.0,2155.0,12.561688311688311
Jharkhand,West Singhbhum,52151.0,5327.0,9.7881006006006
Karnataka,Bagalkot,53763.0,7349.0,7.31469387755102
Karnataka,Ballari,21812.0,2091.0,10.426386233269598
Karnataka,Bangalore,13911.0,1931.0,7.200310559006211
Karnataka,Bangalore Rural,47682.0,2574.0,18.517281553398057
Karnataka,Belagavi,70334.0,8043.0,8.743659870711088
Karnataka,Belgaum,47006.0,6505.0,7.225023055640947
Karnataka,Bellary,29074.0,4956.0,5.865241073229776
Karnataka,Bengaluru,342455.0,61981.0,5.5250717950372685
Karnataka,Bidar,43059.0,4920.0,8.750050802682381
Karnataka,Bijapur,30509.0,4504.0,6.772253052164262
Karnataka,Chamrajanagar,18344.0,2888.0,6.349601938386985
Karnataka,Chickmagalur,13822.0,1673.0,8.256869772998805
Karnataka,Chikkaballapur,36353.0,3167.0,11.475063131313131
Karnataka,Chikkamagaluru,8453.0,862.0,9.794901506373117
Karnataka,Chitradurga,46981.0,4375.0,10.73606032906764
Karnataka,Dakshina Kannada,56560.0,6538.0,8.649640617831473
Karnataka,Davangere,34192.0,5125.0,6.670308232539992
Karnataka,Dharwad,55381.0,5129.0,10.79551656920078
Karnataka,Gadag,29487.0,4593.0,6.418589464518938
Karnataka,Gulbarga,34954.0,5004.0,6.983816183816184
Karnataka,Hasan,2018.0,240.0,8.37344398340249
Karnataka,Hassan,45404.0,3248.0,13.974761465066175
Karnataka,Haveri,58396.0,4331.0,13.480147737765467
Karnataka,Kalaburagi,28729.0,4008.0,7.166126216013969
Karnataka,Kodagu,11325.0,1176.0,9.621920135938828
Karnataka,Kolar,47154.0,4174.0,11.29437125748503
Karnataka,Koppal,43399.0,5451.0,7.96019809244314
Karnataka,Mandya,40261.0,3594.0,11.199165507649512
Karnataka,Mysore,23324.0,3566.0,6.5388281469021585
Karnataka,Mysuru,35061.0,3859.0,9.083160621761659
Karnataka,Raichur,48164.0,9779.0,4.9247443762781185
Karnataka,Ramanagar,38480.0,3369.0,11.41839762611276
Karnataka,Shimoga,19216.0,2346.0,8.187473370259907
Karnataka,Shivamogga,20670.0,2102.0,9.828815977175463
Karnataka,Tumakuru,25926.0,2831.0,9.154661016949152
Karnataka,Tumkur,28799.0,3111.0,9.25417737789203
Karnataka,Udupi,27374.0,3595.0,7.612347052280311
Karnataka,Uttara Kannada,30634.0,3470.0,8.825698645923366
Karnataka,Vijayanagara,19131.0,2334.0,8.193147751605995
Karnataka,Vijayapura,31939.0,5368.0,5.9487800335257965
Karnataka,Yadgir,35669.0,7073.0,5.042267458297992
Kerala,Alappuzha,36849.0,3555.0,10.362485939257592
Kerala,Ernakulam,66171.0,6315.0,10.476725775807473
Kerala,Idukki,15326.0,1675.0,9.144391408114558
Kerala,Kannur,58204.0,6023.0,9.662018592297477
Kerala,Kasaragod,29968.0,3838.0,7.8061995311278976
Kerala,Kollam,53159.0,5076.0,10.470553476462477
Kerala,Kottayam,30709.0,3383.0,9.074763593380615
Kerala,Kozhikode,89791.0,6691.0,13.417662881052003
Kerala,Malappuram,152596.0,14594.0,10.455361425145599
Kerala,Palakkad,49996.0,6724.0,7.434349442379182
Kerala,Pathanamthitta,20640.0,1909.0,10.806282722513089
Kerala,Thiruvananthapuram,64922.0,6660.0,9.746584596907372
Kerala,Thrissur,58861.0,7083.0,8.309006211180124
Kerala,Wayanad,17993.0,1502.0,11.971390552228875
Ladakh,Kargil,2169.0,560.0,3.8663101604278074
Ladakh,Leh,1700.0,83.0,20.238095238095237
Lakshadweep,Lakshadweep,1176.0,203.0,5.764705882352941
Madhya Pradesh,Agar Malwa,16950.0,3618.0,4.683614258082343
Madhya Pradesh,Alirajpur,21558.0,6271.0,3.4371811224489797
Madhya Pradesh,Anuppur,29991.0,3752.0,7.991207034372502
Madhya Pradesh,Ashok Nagar,45976.0,7584.0,6.061437046802901
Madhya Pradesh,Balaghat,79289.0,6804.0,11.651579720793535
Madhya Pradesh,Barwani,83136.0,21941.0,3.7888980038282747
Madhya Pradesh,Betul,47887.0,8144.0,5.879312461632904
Madhya Pradesh,Bhind,58017.0,13967.0,4.15356529209622
Madhya Pradesh,Bhopal,90733.0,12836.0,7.06808444340578
Madhya Pradesh,Burhanpur,16517.0,9680.0,1.7061254002685673
Madhya Pradesh,Chhatarpur,79858.0,17836.0,4.477098166732074
Madhya Pradesh,Chhindwara,90168.0,9025.0,9.989807223576335
Madhya Pradesh,Damoh,55442.0,6062.0,9.144317994392216
Madhya Pradesh,Datia,36452.0,5844.0,6.2364414029084685
Madhya Pradesh,Dewas,47189.0,10399.0,4.537403846153846
Madhya Pradesh,Dhar,87527.0,12759.0,6.85948275862069
Madhya Pradesh,Dindori,47583.0,2698.0,17.6298629121897
Madhya Pradesh,East Nimar,4812.0,2196.0,2.1902594446973147
Madhya Pradesh,Guna,51934.0,10386.0,4.99990372581111
Madhya Pradesh,Gwalior,81827.0,18577.0,4.404510711594359
Madhya Pradesh,Harda,12444.0,2723.0,4.568281938325991
Madhya Pradesh,Hoshangabad,18226.0,6712.0,2.71503053776255
Madhya Pradesh,Indore,186640.0,22265.0,8.38228689481721
Madhya Pradesh,Jabalpur,90216.0,12110.0,7.449095863264801
Madhya Pradesh,Jhabua,41510.0,14223.0,2.918307086614173
Madhya Pradesh,Katni,58777.0,11298.0,5.201964775643862
Madhya Pradesh,Khandwa,22653.0,6140.0,3.6888128969223253
Madhya Pradesh,Khargone,42560.0,15734.0,2.7047982205274863
Madhya Pradesh,Mandla,56821.0,4875.0,11.653199343724364
Madhya Pradesh,Mandsaur,54237.0,8361.0,6.486127720640995
Madhya Pradesh,Morena,109954.0,22315.0,4.927137479835096
Madhya Pradesh,Narsinghpur,30483.0,6363.0,4.789912005028284
Madhya Pradesh,Neemuch,36794.0,4879.0,7.539754098360656
Madhya Pradesh,Panna,42825.0,9338.0,4.5856087375522
Madhya Pradesh,Raisen,42934.0,7590.0,5.6559083124753
Madhya Pradesh,Rajgarh,42279.0,8171.0,5.1736417033773865
Madhya Pradesh,Ratlam,79411.0,7986.0,9.942531613872543
Madhya Pradesh,Rewa,87377.0,11302.0,7.730425550738742
Madhya Pradesh,Sagar,87889.0,13846.0,6.347151007438434
Madhya Pradesh,Satna,90913.0,13668.0,6.651035189114054
Madhya Pradesh,Sehore,27870.0,6518.0,4.275195582144501
Madhya Pradesh,Seoni,74280.0,6079.0,12.217105263157896
Madhya Pradesh,Shahdol,52365.0,5041.0,10.38575961919873
Madhya Pradesh,Shajapur,24143.0,5937.0,4.065847086561131
Madhya Pradesh,Sheopur,39268.0,7296.0,5.381389612169385
Madhya Pradesh,Shivpuri,68875.0,12735.0,5.407898869346734
Madhya Pradesh,Sidhi,51806.0,5805.0,8.92283844299001
Madhya Pradesh,Singrauli,59047.0,7057.0,8.365967696231227
Madhya Pradesh,Tikamgarh,52743.0,7371.0,7.154503526858383
Madhya Pradesh,Ujjain,76759.0,14349.0,5.349059233449477
Madhya Pradesh,Umaria,28185.0,5010.0,5.6246258231889845
Madhya Pradesh,Vidisha,49307.0,10376.0,4.7515659631878195
Maharashtra,Ahmadnagar,235240.0,12516.0,18.793640648717744
Maharashtra,Akola,62337.0,4738.0,13.15404093690652
Maharashtra,Amravati,96084.0,6910.0,13.903053103747649
Maharashtra,Aurangabad,179386.0,18773.0,9.555022904016193
Maharashtra,Beed,183019.0,10746.0,17.029775751372476
Maharashtra,Bhandara,37245.0,1885.0,19.74814422057264
Maharashtra,Buldhana,136941.0,8150.0,16.800515274199483
Maharashtra,Chandrapur,112035.0,4475.0,25.030160857908847
Maharashtra,Dhule,62591.0,12708.0,4.924935085372571
Maharashtra,Gadchiroli,52904.0,2378.0,22.237915090374106
Maharashtra,Gondiya,67047.0,2985.0,22.453784326858674
Maharashtra,Hingoli,93852.0,7729.0,12.141267787839586
Maharashtra,Jalgaon,151076.0,13260.0,11.392504336022924
Maharashtra,Jalna,76978.0,5401.0,14.249907441688263
Maharashtra,Kolhapur,129934.0,7480.0,17.3685336185002
Maharashtra,Latur,126303.0,7649.0,16.510196078431374
Maharashtra,Mumbai,116255.0,10773.0,10.790328568776685
Maharashtra,Mumbai City,47833.0,3981.0,12.012305374183827
Maharashtra,Mumbai Suburban,219370.0,21325.0,10.286504736003002
Maharashtra,Nagpur,158935.0,11833.0,13.43037011999324
Maharashtra,Nanded,234917.0,12249.0,19.176897959183673
Maharashtra,Nandurbar,40961.0,10553.0,3.8810877392457837
Maharashtra,Nashik,246100.0,22368.0,11.001832893736868
Maharashtra,Osmanabad,111345.0,4128.0,26.96657786388956
Maharashtra,Palghar,168769.0,12560.0,13.435952551548443
Maharashtra,Parbhani,121887.0,6448.0,18.90013955652039
Maharashtra,Pune,438725.0,31794.0,13.798553231640195
Maharashtra,Raigad,35656.0,3265.0,10.917330067360686
Maharashtra,Raigarh,93310.0,5479.0,17.027372262773724
Maharashtra,Ratnagiri,53093.0,2603.0,20.38901689708141
Maharashtra,Sangli,89990.0,7635.0,11.78496595075956
Maharashtra,Satara,98159.0,6019.0,16.30548172757475
Maharashtra,Sindhudurg,27857.0,1202.0,23.156275976724853
Maharashtra,Solapur,265553.0,12296.0,21.594941855737172
Maharashtra,Thane,401274.0,41878.0,9.581747415172282
Maharashtra,Wardha,30459.0,1958.0,15.548238897396631
Maharashtra,Washim,54774.0,3397.0,16.119482048263684
Maharashtra,Yavatmal,196112.0,7594.0,25.821198156682026
Manipur,Chandel,9016.0,721.0,12.487534626038782
Manipur,Churachandpur,18436.0,4561.0,4.041209995615958
Manipur,Jiribam,7153.0,373.0,19.12566844919786
Manipur,Kakching,19800.0,283.0,69.71830985915493
Manipur,Senapati,21069.0,1173.0,17.94633730834753
Manipur,Tamenglong,9733.0,921.0,10.556399132321042
Manipur,Ukhrul,14243.0,761.0,18.691601049868765
Meghalaya,East Garo Hills,6390.0,6288.0,1.0160597869295596
Meghalaya,East Jaintia Hills,3398.0,5128.0,0.6625073113667381
Meghalaya,East Khasi Hills,15623.0,28727.0,0.5438248398774714
Meghalaya,North Garo Hills,1657.0,1058.0,1.5646836638338055
Meghalaya,Ri Bhoi,8370.0,9491.0,0.881795195954488
Meghalaya,South Garo Hills,2660.0,2622.0,1.0141059855127716
Meghalaya,South West Garo Hills,5246.0,3546.0,1.4789963349309276
Meghalaya,South West Khasi Hills,5206.0,3124.0,1.66592
Meghalaya,West Garo Hills,19943.0,20423.0,0.9764492753623188
Meghalaya,West Jaintia Hills,7513.0,11834.0,0.6348119983100972
Meghalaya,West Khasi Hills,11079.0,17111.0,0.6474403927068724
Mizoram,Aizawl,13492.0,1136.0,11.866314863676342
Mizoram,Champhai,6497.0,1172.0,5.538789428815004
Mizoram,Kolasib,3729.0,268.0,13.862453531598513
Mizoram,Lawngtlai,4316.0,1767.0,2.4411764705882355
Mizoram,Lunglei,7309.0,583.0,12.51541095890411
Mizoram,Mamit,2405.0,237.0,10.105042016806722
Mizoram,Saiha,1941.0,673.0,2.879821958456973
Mizoram,Serchhip,2203.0,90.0,24.208791208791208
Nagaland,Dimapur,10441.0,3414.0,3.057393850658858
Nagaland,Kiphire,1991.0,909.0,2.187912087912088
Nagaland,Kohima,3058.0,1668.0,1.8322348711803476
Nagaland,Mokokchung,2922.0,569.0,5.126315789473685
Nagaland,Mon,4720.0,2230.0,2.1156432093231734
Nagaland,Peren,2245.0,1477.0,1.5189445196211095
Nagaland,Phek,1567.0,1062.0,1.4741298212605833
Nagaland,Tuensang,3755.0,1276.0,2.940485512920908
Nagaland,Wokha,1896.0,554.0,3.4162162162162164
Nagaland,Zunheboto,2252.0,671.0,3.3511904761904763
Odisha,Angul,31220.0,3204.0,9.741029641185648
Odisha,Balangir,42587.0,5659.0,7.524204946996466
Odisha,Baleshwar,20293.0,2362.0,8.58781210325857
Odisha,Baleswar,35043.0,4906.0,7.141430609333605
Odisha,Bargarh,35442.0,5238.0,6.765031494560031
Odisha,Bhadrak,43608.0,4968.0,8.776011269873214
Odisha,Boudh,9945.0,1528.0,6.504251144538914
Odisha,Cuttack,50806.0,5552.0,9.149288672789483
Odisha,Debagarh,8121.0,889.0,9.124719101123596
Odisha,Dhenkanal,30047.0,3033.0,9.903427818061964
Odisha,Gajapati,21217.0,1991.0,10.651104417670682
Odisha,Ganjam,99127.0,8145.0,12.168794500368278
Odisha,Jagatsinghapur,22068.0,4004.0,5.510112359550562
Odisha,Jajapur,29280.0,3321.0,8.813967489464178
Odisha,Jajpur,15227.0,1607.0,9.46952736318408
Odisha,Jharsuguda,15846.0,1122.0,14.110418521816563
Odisha,Kalahandi,47384.0,4496.0,10.53680231265288
Odisha,Kandhamal,32029.0,3094.0,10.348626817447496
Odisha,Kendrapara,40727.0,4108.0,9.911657337551716
Odisha,Kendujhar,53607.0,5356.0,10.006906850849356
Odisha,Khorda,27768.0,3229.0,8.596904024767802
Odisha,Khordha,17957.0,2087.0,8.600095785440613
Odisha,Koraput,45292.0,5033.0,8.997218911402463
Odisha,Malkangiri,19651.0,2660.0,7.384817737692597
Odisha,Mayurbhanj,71539.0,8134.0,8.793976644130302
Odisha,Nabarangapur,40218.0,6354.0,6.328560188827694
Odisha,Nayagarh,23552.0,2462.0,9.562322371092163
Odisha,Nuapada,18256.0,2122.0,8.599152143193594
Odisha,Puri,32481.0,3773.0,8.606518282988871
Odisha,Rayagada,32378.0,3225.0,10.03657780533168
Odisha,Sambalpur,31157.0,2632.0,11.833270034181542
Odisha,Sonapur,17630.0,1925.0,9.15368639667705
Odisha,Sundargarh,6908.0,731.0,9.437158469945356
Odisha,Sundergarh,43428.0,4000.0,10.854286428392902
Puducherry,Karaikal,6469.0,582.0,11.09605488850772
Puducherry,Pondicherry,2034.0,130.0,15.526717557251908
Puducherry,Puducherry,19327.0,1574.0,12.27111111111111
Punjab,Amritsar,100211.0,9857.0,10.165449381213229
Punjab,Barnala,12974.0,950.0,13.642481598317561
Punjab,Bathinda,37333.0,2708.0,13.78110003691399
Punjab,Chandigarh,2722.0,171.0,15.825581395348838
Punjab,Faridkot,15485.0,964.0,16.04663212435233
Punjab,Fatehgarh Sahib,14880.0,1003.0,14.820717131474103
Punjab,Fazilka,35563.0,2085.0,17.048418024928093
Punjab,Ferozepur,30857.0,1597.0,19.309762202753443
Punjab,Gurdaspur,67813.0,4914.0,13.797151576805696
Punjab,Hoshiarpur,46591.0,4139.0,11.253864734299517
Punjab,Jalandhar,51004.0,4101.0,12.433934666016578
Punjab,Kapurthala,14176.0,3750.0,3.7792588643028524
Punjab,Ludhiana,119656.0,17608.0,6.795161565108751
Punjab,Malerkotla,17744.0,948.0,18.697576396206532
Punjab,Mansa,23642.0,1120.0,21.090098126672615
Punjab,Moga,23806.0,1525.0,15.600262123197902
Punjab,Pathankot,18649.0,1321.0,14.106656580937972
Punjab,Patiala,89300.0,5180.0,17.23605481567265
Punjab,Rupnagar,13157.0,1208.0,10.882547559966914
Punjab,Sangrur,27800.0,2309.0,12.034632034632034
Punjab,Sas Nagar (Mohali),59306.0,3865.0,15.340403517847905
Punjab,Shaheed Bhagat Singh Nagar,9090.0,1126.0,8.065661047027506
Punjab,Sri Muktsar Sahib,24680.0,1602.0,15.39613225202745
Punjab,Tarn Taran,26279.0,2737.0,9.597881665449233
Rajasthan,Ajmer,124930.0,12231.0,10.213374754741661
Rajasthan,Alwar,146080.0,23383.0,6.247006500171057
Rajasthan,Banswara,94937.0,6944.0,13.66983441324694
Rajasthan,Baran,78176.0,6227.0,12.552344251766216
Rajasthan,Barmer,112224.0,15852.0,7.079038667760045
Rajasthan,Bharatpur,106360.0,17123.0,6.211165615510395
Rajasthan,Bhilwara,97739.0,11083.0,8.818025983399496
Rajasthan,Bikaner,81662.0,13289.0,6.1446200150489085
Rajasthan,Bundi,48701.0,4872.0,9.994048840549969
Rajasthan,Chittorgarh,64190.0,6397.0,10.032822757111598
Rajasthan,Churu,76087.0,12774.0,5.9559295499021525
Rajasthan,Dausa,50749.0,6192.0,8.194574519618925
Rajasthan,Dholpur,78045.0,8719.0,8.950114678899082
Rajasthan,Dungarpur,95313.0,6571.0,14.502891052951917
Rajasthan,Ganganagar,68096.0,5448.0,12.496971921453477
Rajasthan,Hanumangarh,78359.0,4996.0,15.681208725235141
Rajasthan,Jaipur,275110.0,31087.0,8.84939526505404
Rajasthan,Jaisalmer,22861.0,3070.0,7.444154998371866
Rajasthan,Jalor,67726.0,14485.0,4.675272677067514
Rajasthan,Jhalawar,81385.0,7072.0,11.506432913897921
Rajasthan,Jhunjhunun,57394.0,7922.0,7.243973242458664
Rajasthan,Jodhpur,138697.0,21999.0,6.304409090909091
Rajasthan,Karauli,57459.0,8519.0,6.744014084507042
Rajasthan,Kota,93355.0,7529.0,12.397742363877821
Rajasthan,Nagaur,104147.0,17269.0,6.030515344528084
Rajasthan,Pali,66416.0,9114.0,7.286450905101481
Rajasthan,Pratapgarh,54595.0,4057.0,13.453671759487433
Rajasthan,Rajsamand,45944.0,4203.0,10.928639391056137
Rajasthan,Sawai Madhopur,46142.0,6861.0,6.724278635966191
Rajasthan,Sikar,78337.0,11400.0,6.871063941759495
Rajasthan,Sirohi,41293.0,10732.0,3.847293394204789
Rajasthan,Tonk,56628.0,5915.0,9.572008113590263
Rajasthan,Udaipur,128480.0,15122.0,8.495668848773391
Sikkim,East,9213.0,742.0,12.399730820995963
Sikkim,East Sikkim,1334.0,70.0,18.788732394366196
Sikkim,South,4043.0,309.0,13.041935483870967
Sikkim,West,2547.0,567.0,4.484154929577465
Sikkim,West Sikkim,2295.0,416.0,5.503597122302159
Tamil Nadu,Ariyalur,22763.0,2359.0,9.645338983050847
Tamil Nadu,Chengalpattu,2102.0,191.0,10.947916666666666
Tamil Nadu,Chennai,129234.0,9436.0,13.694394405001589
Tamil Nadu,Coimbatore,117629.0,8963.0,13.122378402498885
Tamil Nadu,Cuddalore,82983.0,8624.0,9.621217391304349
Tamil Nadu,Dharmapuri,41349.0,5686.0,7.270793036750484
Tamil Nadu,Dindigul,57542.0,6080.0,9.462588390067424
Tamil Nadu,Erode,68967.0,6106.0,11.29310627149173
Tamil Nadu,Kancheepuram,167704.0,14796.0,11.333648712576874
Tamil Nadu,Kanniyakumari,44390.0,3035.0,14.621212121212121
Tamil Nadu,Kanyakumari,14984.0,1245.0,12.025682182985554
Tamil Nadu,Karur,27451.0,4008.0,6.847343477176353
Tamil Nadu,Krishnagiri,61957.0,5137.0,12.05858310626703
Tamil Nadu,Madurai,106220.0,9967.0,10.656099518459069
Tamil Nadu,Nagapattinam,40256.0,4375.0,9.199268738574041
Tamil Nadu,Namakkal,46001.0,4896.0,9.39371043496018
Tamil Nadu,Perambalur,16194.0,2223.0,7.281474820143885
Tamil Nadu,Puducherry,3023.0,622.0,4.852327447833066
Tamil Nadu,Pudukkottai,51060.0,6946.0,7.349935223837628
Tamil Nadu,Ramanathapuram,38963.0,4077.0,9.554438450220696
Tamil Nadu,Salem,106025.0,10183.0,10.410938727415553
Tamil Nadu,Sivaganga,33689.0,4357.0,7.730380908673704
Tamil Nadu,Tenkasi,2626.0,264.0,9.909433962264151
Tamil Nadu,Thanjavur,76934.0,7395.0,10.402109248242294
Tamil Nadu,The Nilgiris,15241.0,1713.0,8.892065344224036
Tamil Nadu,Theni,38787.0,3475.0,11.158515535097814
Tamil Nadu,Thiruvarur,39577.0,4400.0,8.992728925244263
Tamil Nadu,Thoothukkudi,44762.0,5322.0,8.409167762539921
Tamil Nadu,Tiruchirappalli,74342.0,9993.0,7.438663197918752
Tamil Nadu,Tirunelveli,87045.0,10648.0,8.174006949009296
Tamil Nadu,Tirupattur,1370.0,136.0,10.0
Tamil Nadu,Tiruppur,85411.0,6114.0,13.967457072771872
Tamil Nadu,Tiruvallur,162374.0,12350.0,13.146627803416727
Tamil Nadu,Tiruvannamalai,65366.0,7275.0,8.983782297965915
Tamil Nadu,Vellore,98771.0,10656.0,9.268180538613118
Tamil Nadu,Villupuram,57795.0,8733.0,6.617242958552782
Tamil Nadu,Viluppuram,26513.0,4007.0,6.615019960079841
Tamil Nadu,Virudhunagar,57228.0,5382.0,10.631246516812187
Telangana,Adilabad,161910.0,7850.0,20.62285059228124
Telangana,Bhadradri Kothagudem,8457.0,636.0,13.27629513343799
Telangana,Hanumakonda,2345.0,137.0,16.992753623188406
Telangana,Hyderabad,291104.0,30240.0,9.626136701828644
Telangana,Jagitial,2532.0,289.0,8.73103448275862
Telangana,Jayashankar Bhupalpally,6370.0,231.0,27.45689655172414
Telangana,Jogulamba Gadwal,45381.0,2913.0,15.57343857240906
Telangana,K.V. Rangareddy,230855.0,18852.0,12.245000795629343
Telangana,Kamareddy,7406.0,687.0,10.76453488372093
Telangana,Karimnagar,112559.0,8732.0,12.888927058284667
Telangana,Khammam,112992.0,7653.0,14.762477136137967
Telangana,Mahabubnagar,94137.0,9600.0,9.804916154567232
Telangana,Medak,134448.0,13095.0,10.266340867440439
Telangana,Medchal-Malkajgiri,56834.0,3823.0,14.86244769874477
Telangana,Mulugu,2650.0,129.0,20.384615384615383
Telangana,Nagarkurnool,12008.0,1127.0,10.645390070921986
Telangana,Nalgonda,192789.0,11454.0,16.830117852466174
Telangana,Narayanpet,17994.0,1670.0,10.768402154398563
Telangana,Nirmal,1440.0,119.0,12.0
Telangana,Nizamabad,89399.0,8408.0,10.631347365917469
Telangana,Rajanna Sircilla,3494.0,340.0,10.24633431085044
Telangana,Rangareddy,2251.0,179.0,12.505555555555556
Telangana,Vikarabad,31434.0,1635.0,19.213936430317847
Telangana,Wanaparthy,33535.0,2117.0,15.833333333333334
Telangana,Warangal,169438.0,9955.0,17.018682201687426
Tripura,Dhalai,15278.0,1378.0,11.079042784626541
Tripura,Gomati,11419.0,563.0,20.24645390070922
Tripura,Khowai,8133.0,509.0,15.947058823529412
Tripura,North Tripura,13328.0,1411.0,9.439093484419264
Tripura,Sepahijala,21040.0,1782.0,11.800336511497477
Tripura,South Tripura,29704.0,2305.0,12.881179531656548
Tripura,Unakoti,5785.0,790.0,7.313527180783818
Tripura,West Tripura,33326.0,2547.0,13.07927786499215
Uttar Pradesh,Agra,175939.0,29910.0,5.882083514426131
Uttar Pradesh,Aligarh,185293.0,24358.0,7.606757256044993
Uttar Pradesh,Allahabad,215090.0,16119.0,13.34305210918114
Uttar Pradesh,Ambedkar Nagar,75112.0,7991.0,9.398398398398399
Uttar Pradesh,Amethi,73272.0,7133.0,10.270815811606392
Uttar Pradesh,Amroha,89024.0,7942.0,11.207855973813421
Uttar Pradesh,Auraiya,50486.0,3691.0,13.674431202600216
Uttar Pradesh,Azamgarh,156048.0,19621.0,7.952706146162471
Uttar Pradesh,Baghpat,56445.0,8176.0,6.902898373486609
Uttar Pradesh,Bahraich,146102.0,40297.0,3.62553972901881
Uttar Pradesh,Ballia,104948.0,9976.0,10.518993685476596
Uttar Pradesh,Balrampur,78334.0,12351.0,6.341806994818653
Uttar Pradesh,Banda,72000.0,10826.0,6.6500415627597675
Uttar Pradesh,Bara Banki,114829.0,11455.0,10.023481145251397
Uttar Pradesh,Bareilly,241686.0,27808.0,8.690927397605092
Uttar Pradesh,Basti,75240.0,9400.0,8.00340389320285
Uttar Pradesh,Bijnor,227740.0,16891.0,13.482121714421028
Uttar Pradesh,Budaun,173611.0,15731.0,11.035532672260361
Uttar Pradesh,Bulandshahr,178487.0,17546.0,10.171938223058072
Uttar Pradesh,Chandauli,90838.0,9387.0,9.675969322539412
Uttar Pradesh,Chitrakoot,41955.0,5166.0,8.119798722663054
Uttar Pradesh,Deoria,109984.0,10260.0,10.718643407075334
Uttar Pradesh,Etah,61603.0,10724.0,5.743869463869464
Uttar Pradesh,Etawah,63393.0,7196.0,8.808253438932889
Uttar Pradesh,Faizabad,85189.0,8543.0,9.97062265917603
Uttar Pradesh,Farrukhabad,70122.0,5868.0,11.947861645936275
Uttar Pradesh,Fatehpur,107123.0,12333.0,8.68517917950381
Uttar Pradesh,Firozabad,139353.0,12342.0,11.290042939317832
Uttar Pradesh,Gautam Buddha Nagar,145673.0,17887.0,8.143615831842576
Uttar Pradesh,Ghaziabad,240170.0,23257.0,10.326339324103534
Uttar Pradesh,Ghazipur,127840.0,11288.0,11.32429798919302
Uttar Pradesh,Gonda,125810.0,15259.0,8.24442988204456
Uttar Pradesh,Gorakhpur,154573.0,19359.0,7.984142561983471
Uttar Pradesh,Hamirpur,42715.0,3484.0,12.256814921090387
Uttar Pradesh,Hapur,49124.0,7669.0,6.404693611473273
Uttar Pradesh,Hardoi,143951.0,25193.0,5.7137016750019844
Uttar Pradesh,Hathras,61910.0,6566.0,9.427440231460332
Uttar Pradesh,Jalaun,60648.0,5554.0,10.917731773177318
Uttar Pradesh,Jaunpur,155741.0,15853.0,9.823451494890879
Uttar Pradesh,Jhansi,71848.0,7160.0,10.033235581622678
Uttar Pradesh,Kannauj,59707.0,6640.0,8.990664056617979
Uttar Pradesh,Kanpur Dehat,70754.0,7971.0,8.875313597591571
Uttar Pradesh,Kanpur Nagar,171454.0,24751.0,6.926874595992243
Uttar Pradesh,Kasganj,49995.0,6881.0,7.26460331299041
Uttar Pradesh,Kaushambi,77129.0,7453.0,10.347330292460423
Uttar Pradesh,Kheri,182979.0,24622.0,7.43122284043374
Uttar Pradesh,Kushinagar,166662.0,12184.0,13.677636438243741
Uttar Pradesh,Lalitpur,46820.0,4757.0,9.840269020596889
Uttar Pradesh,Lucknow,209476.0,25514.0,8.209915735841662
Uttar Pradesh,Maharajganj,113234.0,18500.0,6.1204259229230855
Uttar Pradesh,Mahoba,32056.0,3001.0,10.6782145236509
Uttar Pradesh,Mainpuri,69285.0,11684.0,5.929396662387677
Uttar Pradesh,Mathura,109206.0,10909.0,10.009715857011916
Uttar Pradesh,Mau,91441.0,8531.0,10.71741678387248
Uttar Pradesh,Meerut,165699.0,23911.0,6.9295332887253265
Uttar Pradesh,Mirzapur,87051.0,7620.0,11.422516730087915
Uttar Pradesh,Moradabad,175632.0,23412.0,7.501473540340836
Uttar Pradesh,Muzaffarnagar,131698.0,11554.0,11.397490263954998
Uttar Pradesh,Pilibhit,136319.0,13638.0,9.994794339760979
Uttar Pradesh,Pratapgarh,104730.0,10308.0,10.159084295275973
Uttar Pradesh,Rae Bareli,108258.0,9669.0,11.195243019648396
Uttar Pradesh,Rampur,155122.0,20074.0,7.727123287671233
Uttar Pradesh,Saharanpur,168279.0,19216.0,8.756777852942706
Uttar Pradesh,Sambhal,87473.0,6928.0,12.624188194544667
Uttar Pradesh,Sant Kabir Nagar,84863.0,6491.0,13.071934688847813
Uttar Pradesh,Sant Ravidas Nagar,61248.0,5050.0,12.125915660265294
Uttar Pradesh,Shahjahanpur,149472.0,24291.0,6.153136835172073
Uttar Pradesh,Shamli,79550.0,8595.0,9.25430432759423
Uttar Pradesh,Shrawasti,46354.0,6799.0,6.816764705882353
Uttar Pradesh,Siddharthnagar,97485.0,19598.0,4.973978264197153
Uttar Pradesh,Sitapur,169322.0,31215.0,5.424205535622757
Uttar Pradesh,Sonbhadra,72302.0,5059.0,14.28893280632411
Uttar Pradesh,Sultanpur,85629.0,11561.0,7.406071613907629
Uttar Pradesh,Unnao,124552.0,19151.0,6.503341687552214
Uttar Pradesh,Varanasi,162256.0,23513.0,6.900399761844008
Uttarakhand,Almora,15442.0,1325.0,11.645550527903469
Uttarakhand,Bageshwar,7060.0,766.0,9.204693611473273
Uttarakhand,Chamoli,12075.0,1111.0,10.858812949640289
Uttarakhand,Champawat,12395.0,861.0,14.379350348027842
Uttarakhand,Dehradun,82617.0,9485.0,8.709361163820367
Uttarakhand,Haridwar,68745.0,6011.0,11.434630738522953
Uttarakhand,Nainital,48779.0,3938.0,12.383599898451383
Uttarakhand,Pauri Garhwal,21533.0,1912.0,11.25614218504966
Uttarakhand,Pithoragarh,14813.0,1225.0,12.082381729200652
Uttarakhand,Rudraprayag,7549.0,935.0,8.06517094017094
Uttarakhand,Tehri Garhwal,25747.0,2801.0,9.188793718772306
Uttarakhand,Udham Singh Nagar,135397.0,6126.0,22.09841684347968
Uttarakhand,Uttarkashi,10141.0,1112.0,9.11141060197664
West Bengal,Bankura,145348.0,11284.0,12.879751883030572
West Bengal,Barddhaman,229698.0,21302.0,10.782425010561893
West Bengal,Bardhaman,1793.0,191.0,9.338541666666666
West Bengal,Birbhum,151671.0,15188.0,9.985581670946079
West Bengal,Cooch Behar,161781.0,15847.0,10.20829126703685
West Bengal,Dakshin Dinajpur,91673.0,8013.0,11.439106563513851
West Bengal,Darjeeling,59699.0,7774.0,7.678327974276527
West Bengal,Darjiling,3223.0,451.0,7.130530973451328
West Bengal,Haora,7100.0,527.0,13.446969696969697
West Bengal,Hooghly,187696.0,16094.0,11.661758310034172
West Bengal,Howrah,140431.0,13706.0,10.245203180856496
West Bengal,Jalpaiguri,204076.0,15430.0,13.225066424729441
West Bengal,Koch Bihar,27796.0,1866.0,14.88805570433851
West Bengal,Kolkata,98698.0,9682.0,10.192915418775174
West Bengal,Malda,216028.0,17381.0,12.428259118628466
West Bengal,Murshidabad,372348.0,36224.0,10.278757763975156
West Bengal,Nadia,191717.0,17740.0,10.806437066681697
West Bengal,North 24 Parganas,302516.0,34055.0,8.882898754991778
West Bengal,Paschim Medinipur,247482.0,21473.0,11.524727577535625
West Bengal,Purba Medinipur,127505.0,16321.0,7.811849038108075
West Bengal,Puruliya,162123.0,13991.0,11.586835334476843
West Bengal,South 24 Parganas,452341.0,40303.0,11.223228463676062
West Bengal,South Twenty Four Parganas,6466.0,873.0,7.39816933638444
West Bengal,Uttar Dinajpur,276072.0,38998.0,7.078950742326726
West Bengal,West Midnapore,5553.0,545.0,10.17032967032967
